indicator,alpha,beta,R2
Energy CPI,1.306388084813735,0.698246313024015,0.8866125907079522
Food,1.159261730925372,0.6014615620917598,0.8521929911633185
Fertiliser,0.37012773986773406,0.7300582617060482,0.7249751194557063
Real Wages,3.729301103120888,0.15436795272570564,0.8776571048080709
